project = Chart, iteration=1
Chart,10,0.0177304964539007,0.0177304964539007
Chart,14,0.0041052495474528106,0.00543056633048875
Chart,15,0.000626647651151735,0.000626647651151735
Chart,16,0.0579268292682927,0.00228658536585366
Chart,17,0.0043718361711919,0.0043718361711919
Chart,18,0.247886070315977,0.25433911882509996
Chart,22,0.11292517006802699,0.0869047619047619
Chart,24,0.0615384615384615,0.0615384615384615
