project = Closure, iteration=1
Closure,54,0.10291649611133899,0.0020082889889480103
Closure,56,0.00024862221853893,0.00024862221853893
Closure,104,0.000663680106188817,0.000663680106188817
