project = Mockito, iteration=1
Mockito,17,0.00827338129496403,0.00899280575539568
Mockito,35,0.0027972027972028,0.00111888111888112
