project = Mockito, iteration=1
Mockito,2,0.000755667506297229,0.000755667506297229
Mockito,35,0.00447552447552448,0.00307692307692308
