project = Time, iteration=1
Time,1,0.11550945698596699,0.0196461256863941
Time,2,0.00870657063222673,0.0129977647156222
Time,11,0.129443585780526,0.000309119010819165
