project = Time, iteration=1
Time,11,0.12967542503864,0.000618238021638331
